model, preprocessing, accuracy, precision, sensitivity, specificity, informedness, dor, ami, outlier informedness, cv informedness, mad informedness, commit hash
lda,robust scaling,0.7692,0.8514,0.7159,0.8382,0.5541,13.06,0.2321,0.8182,0.6744,0.07097,cb24b2a
qda,robust scaling,0.7756,0.8272,0.7614,0.7941,0.5555,12.31,0.2299,0.5758,0.5857,0.1084,3078236
lrc,robust scaling,0.8141,0.8831,0.7727,0.8676,0.6404,22.29,0.3166,0.8182,0.6716,0.06899,a66f75f
dtc,robust scaling,0.7692,0.7889,0.8068,0.7206,0.5274,10.77,0.2103,0.06061,0.5386,0.09235,81f1289
rfc,robust scaling,0.7821,0.8375,0.7614,0.8088,0.5702,13.5,0.2435,0.8182,0.644,0.09354,
