model, preprocessing, accuracy, precision, sensitivity, specificity, informedness, dor, ami, outlier informedness, cv informedness, mad informedness, commit hash
qda,robust scaling,0.814,0.8095,0.8763,0.7333,0.6096,19.48,0.2993,0.4833,0.6036,0.08135,5236d5b
lrc,robust scaling,0.8256,0.8526,0.8351,0.8133,0.6484,22.06,0.3253,0.55,0.604,0.0688,3ed1fbc
lda,robust scaling,0.814,0.8155,0.866,0.7467,0.6126,19.04,0.2981,0.55,0.5782,0.07821,9b44485
rnc,robust scaling,0.8198,0.8438,0.8351,0.8,0.6351,20.25,0.3116,0.45,0.6162,0.08429,c47f862
knn,robust scaling,0.8372,0.8791,0.8247,0.8533,0.6781,27.38,0.3575,0.55,0.6219,0.1052,
